timestamp	step	epoch
1655033534892	0	0.0
1655033542241	1	1.0
1655033548677	2	2.0
1655033555457	3	3.0
1655033562550	4	4.0
1655033568555	5	5.0
1655033575530	6	6.0
1655033582386	7	7.0
1655033588689	8	8.0
1655033595241	9	9.0
1655033602481	10	10.0
1655033608961	11	11.0
1655033615463	12	12.0
1655033621868	13	13.0
1655033628263	14	14.0
1655033635491	15	15.0
1655033641960	16	16.0
1655033648456	17	17.0
1655033655069	18	18.0
1655033661780	19	19.0
1655033668413	20	20.0
1655033675115	21	21.0
1655033681727	22	22.0
1655033688001	23	23.0
1655033693984	24	24.0
1655033700817	25	25.0
1655033707228	26	26.0
1655033714356	27	27.0
1655033720253	28	28.0
1655033727204	29	29.0
1655033733997	30	30.0
1655033740003	31	31.0
